"Year","Landings (mt)","Discards (mt)"
2019,114.41402516677,31.302040668885
2020,105.288194445893,30.435336535233
2021,109.267487832112,34.6017225550682
2022,132.44588989648,21.5994840202399
2023,114.391427739756,43.2360831841299
